amfi_code,scheme_name,alpha,beta,tracking_error
119092,Axis Bluechip,5.165117522265253,-0.34641261239979276,22.41138540802426
125497,HDFC Top 100,0.15735789087510577,0.006885090136701661,0.20357488973742593
120503,ICICI Bluechip,0.10847461993597685,0.002425182614958853,0.20456147867482172
118632,Nippon Large Cap,0.10697738029811647,0.007185148884184149,0.21100753106340722
119551,SBI Bluechip,0.004471983587392752,-0.003113776485234113,0.1768971044612633
