amfi_code,scheme_name,fund_score,cagr_3yr,sharpe_ratio,sortino_ratio,max_drawdown
119092,Axis Bluechip,85.00000000000001,0.5102395410366152,0.2255404228353965,469.79550985280554,-0.013923580128646473
125497,HDFC Top 100,79.0,0.24337302026515628,0.7453299958042393,0.7426247137374508,-0.4026012761687717
120503,ICICI Bluechip,61.00000000000001,0.15708256998337577,0.34797177610113394,0.35594593369649796,-0.33509892369046657
118632,Nippon Large Cap,45.00000000000001,0.1532153660672564,0.3133068841884445,0.3189896692919872,-0.3996075381332732
119551,SBI Bluechip,30.000000000000004,0.0021407552693035736,-0.8620963270858804,-0.3967128659820027,-0.36651701755201316
